<?xml version="1.0" encoding="UTF-8"?>

<beans xmlns="http://www.springframework.org/schema/beans" xmlns:xsi="http://www.w3.org/2001/XMLSchema-instance" xmlns:tx="http://www.springframework.org/schema/tx" xmlns:context="http://www.springframework.org/schema/context" xmlns:mvc="http://www.springframework.org/schema/mvc" xsi:schemaLocation="http://www.springframework.org/schema/beans 
	http://www.springframework.org/schema/beans/spring-beans-4.1.xsd 
	http://www.springframework.org/schema/tx 
	http://www.springframework.org/schema/tx/spring-tx-4.1.xsd
	http://www.springframework.org/schema/context
    http://www.springframework.org/schema/context/spring-context-4.1.xsd
	http://www.springframework.org/schema/mvc
    http://www.springframework.org/schema/mvc/spring-mvc-4.1.xsd">

	<!-- 扫描控制器类 -->
	<context:component-scan base-package="org.dl4j.**.controller" />
	<mvc:annotation-driven>
		<mvc:message-converters>
			<bean class="org.springframework.http.converter.StringHttpMessageConverter">
				<property name="supportedMediaTypes">
					<list>
						<value>text/plain;charset=UTF-8</value>
					</list>
				</property>
			</bean>
			<bean class="org.springframework.http.converter.json.MappingJackson2HttpMessageConverter">
				<property name="supportedMediaTypes">
					<list>
						<value>application/json;charset=UTF-8</value>
					</list>
				</property>
                <property name="objectMapper">  
                     <bean class="com.fasterxml.jackson.databind.ObjectMapper">  
                         <property name="dateFormat">  
	                          <bean class="java.text.SimpleDateFormat">  
	                             <constructor-arg value="yyyy-MM-dd HH:mm:ss" />  
	                          </bean>  
	                    </property>  
	                </bean>  
	            </property> 
			</bean>
		</mvc:message-converters> 
	</mvc:annotation-driven>
    <!--JSP视图解析器-->
    <bean id="viewResolverJsp" class="org.springframework.web.servlet.view.InternalResourceViewResolver">
        <property name="prefix" value="/"/>
        <property name="suffix" value=".jsp"/>
        <property name="viewClass" value="org.springframework.web.servlet.view.InternalResourceView"/>
        <property name="order" value="1"/>
    </bean>
	<mvc:default-servlet-handler />
	<bean id="multipartResolver"
		class="org.springframework.web.multipart.commons.CommonsMultipartResolver">
		<!-- one of the properties available; the maximum file size in bytes -->
		<!-- value = 10 * 1024 * 1024 -->
		<property name="maxUploadSize" value="1048576000" />
	</bean>	
</beans> 
